id,name,fid,uid,flag
0,1745713577.png,WgfkPUyPQHUKIsMdGVV8,1,1
1,1745713819.png,GR6Qio9ccwYjvy7b7tc2,2,1
2,1745713832.png,i1ueBTzGndgCovSAUIUV,2,1
3,main.py1745716678.png,ZcFsYInx4LvQIApVXoon,2,1
4,test.py1745716957.png,tuzjpUZbpXEyN9zZyzsg,2,1
5,1745717031.png,F8PFy7GlDOLbWMVfXlxs,2,1
6,1745756578.png,74p5eP2Gs3Ft9O3gXzTN,2,1
7,1745756617.png,2bk12K49XcgCStL0CauQ,1,1
8,1745756625.png,triftyALzOODEnko2XJb,2,1
9,1749860694.png,F8PFy7GlDOLbWMVfXlxs,2,1
10,1749860742.png,TFZfARxBYMRLqo1iXgkK,1,1
11,1749860757.png,6lv5bQKnwnj9ZoUBBZKo,2,0
12,test.txt1749860814.png,opla2EgPfRFeMXs3JXwL,1,0
